{
  "timestamp_ms": 1756862087418,
  "bids": [
    [
      111327.93109350001,
      0.0
    ],
    [
      111283.39546750001,
      0.0
    ],
    [
      111227.72593500001,
      0.0
    ],
    [
      110782.36967500001,
      1.7795800000000002
    ],
    [
      110225.67435,
      1.7795800000000002
    ]
  ],
  "asks": [
    [
      111350.1989065,
      0.0
    ],
    [
      111394.73453249999,
      0.0
    ],
    [
      111450.404065,
      0.0
    ],
    [
      111895.760325,
      2.2303399999999995
    ],
    [
      112452.45565,
      2.2303399999999995
    ]
  ],
  "spread": 298.5500000000029,
  "mid_price": 111339.065,
  "imbalance_ratio": 0.18134216596158692
}