{
  "timestamp_ms": 1756862087305,
  "bids": [
    [
      111327.93609300001,
      0.0
    ],
    [
      111283.40046500001,
      0.0
    ],
    [
      111227.73093,
      0.0
    ],
    [
      110782.37465000001,
      1.7795800000000002
    ],
    [
      110225.6793,
      1.7795800000000002
    ]
  ],
  "asks": [
    [
      111350.203907,
      0.0
    ],
    [
      111394.739535,
      0.0
    ],
    [
      111450.40907,
      0.0
    ],
    [
      111895.76535,
      2.5380299999999996
    ],
    [
      112452.46070000001,
      2.5380299999999996
    ]
  ],
  "spread": 298.5600000000122,
  "mid_price": 111339.07,
  "imbalance_ratio": 0.17085960692539398
}