{
  "timestamp_ms": 1756862086983,
  "bids": [
    [
      111327.9510915,
      0.0
    ],
    [
      111283.4154575,
      0.0
    ],
    [
      111227.74591499999,
      0.0
    ],
    [
      110782.389575,
      1.7795800000000002
    ],
    [
      110225.69415,
      1.7795800000000002
    ]
  ],
  "asks": [
    [
      111350.21890849998,
      0.0
    ],
    [
      111394.75454249998,
      0.0
    ],
    [
      111450.42408499998,
      0.0
    ],
    [
      111895.78042499998,
      2.5313299999999996
    ],
    [
      112452.47584999999,
      2.5313299999999996
    ]
  ],
  "spread": 298.59000000001106,
  "mid_price": 111339.08499999999,
  "imbalance_ratio": 0.17942113764351514
}