{
  "timestamp_ms": 1756862087990,
  "bids": [
    [
      111327.90609599999,
      0.0
    ],
    [
      111283.37048,
      0.0
    ],
    [
      111227.70095999999,
      0.0
    ],
    [
      110782.34479999999,
      1.7795800000000002
    ],
    [
      110225.64959999999,
      1.7795800000000002
    ]
  ],
  "asks": [
    [
      111350.173904,
      0.0
    ],
    [
      111394.70951999999,
      0.0
    ],
    [
      111450.37903999999,
      0.0
    ],
    [
      111895.73519999998,
      2.2314399999999996
    ],
    [
      112452.4304,
      2.2314399999999996
    ]
  ],
  "spread": 298.5,
  "mid_price": 111339.04,
  "imbalance_ratio": 0.17992335324110986
}