{
  "timestamp_ms": 1756862087637,
  "bids": [
    [
      111327.926094,
      0.0
    ],
    [
      111283.39047,
      0.0
    ],
    [
      111227.72094,
      0.0
    ],
    [
      110782.36469999999,
      1.7795800000000002
    ],
    [
      110225.6694,
      1.7795800000000002
    ]
  ],
  "asks": [
    [
      111350.193906,
      0.0
    ],
    [
      111394.72953,
      0.0
    ],
    [
      111450.39905999998,
      0.0
    ],
    [
      111895.75529999999,
      2.2303399999999995
    ],
    [
      112452.4506,
      2.2303399999999995
    ]
  ],
  "spread": 298.54000000000815,
  "mid_price": 111339.06,
  "imbalance_ratio": 0.18134216596158692
}