{
  "timestamp_ms": 1756862087092,
  "bids": [
    [
      111327.94609199998,
      0.0
    ],
    [
      111283.41046,
      0.0
    ],
    [
      111227.74091999998,
      0.0
    ],
    [
      110782.38459999999,
      1.7795800000000002
    ],
    [
      110225.6892,
      1.7795800000000002
    ]
  ],
  "asks": [
    [
      111350.21390799999,
      0.0
    ],
    [
      111394.74953999998,
      0.0
    ],
    [
      111450.41907999998,
      0.0
    ],
    [
      111895.77539999997,
      2.23034
    ],
    [
      112452.47079999998,
      2.23034
    ]
  ],
  "spread": 298.58000000000175,
  "mid_price": 111339.07999999999,
  "imbalance_ratio": 0.18134216596158678
}