{
  "timestamp_ms": 1756862087197,
  "bids": [
    [
      111327.9410925,
      0.0
    ],
    [
      111283.4054625,
      0.0
    ],
    [
      111227.735925,
      0.0
    ],
    [
      110782.379625,
      1.7795800000000002
    ],
    [
      110225.68424999999,
      1.7795800000000002
    ]
  ],
  "asks": [
    [
      111350.2089075,
      0.0
    ],
    [
      111394.7445375,
      0.0
    ],
    [
      111450.41407499998,
      0.0
    ],
    [
      111895.77037499998,
      2.2303399999999995
    ],
    [
      112452.46575,
      2.2303399999999995
    ]
  ],
  "spread": 298.570000000007,
  "mid_price": 111339.075,
  "imbalance_ratio": 0.18134216596158692
}