{
  "timestamp_ms": 1756862087876,
  "bids": [
    [
      111327.916095,
      0.0
    ],
    [
      111283.380475,
      0.0
    ],
    [
      111227.71095,
      0.0
    ],
    [
      110782.35474999998,
      1.7795800000000002
    ],
    [
      110225.6595,
      1.7795800000000002
    ]
  ],
  "asks": [
    [
      111350.18390499998,
      0.0
    ],
    [
      111394.71952499998,
      0.0
    ],
    [
      111450.38904999997,
      0.0
    ],
    [
      111895.74524999998,
      2.23034
    ],
    [
      112452.44049999998,
      2.23034
    ]
  ],
  "spread": 298.5200000000041,
  "mid_price": 111339.04999999999,
  "imbalance_ratio": 0.18134216596158678
}